text,timestamp,url,source
"Mayndíva ñe'ẽ ha peteĩ ñe'ẽ Ásia pegua, indo ária ñe'ẽ oñeñe'ẽvéva upe ypa'ũ aty tetã Mayndíva pegua. Amo 300.000 tapichakuéra oñe'ẽkuaa Mayndíva ñe'ẽme.",2022-11-28T21:27:03Z,https://gn.m.wikipedia.org/wiki/Maynd%C3%ADva_%C3%B1e%27%E1%BA%BD,OSCAR-2301
"Tata ha'e mohavẽ rairõhape peteĩ mba'e hapyha, ojera taku, mba'etĩ (tatatĩ) ha tendy. Tata ha'e peteĩ jehe'a, mba'etĩkuéra ha takuguasu.",2022-12-09T20:19:37Z,https://gn.m.wikipedia.org/wiki/Tata,OSCAR-2301
"Chikago (inglyesñe'ẽme: Chicago) ha'e peteĩ táva oĩ Tetã peteĩ reko Amérikagua. Ha'e táva tenondegua tetãvore Illinois. Ary 2010 oguerekova 2,853,114 tavayguakuéra. Ha'e peteĩ táva guive 4 jasyapy 1837-pe.",2021-11-30T18:05:48Z,https://gn.m.wikipedia.org/wiki/Chikago,OSCAR-2201
"Momba'eguasu (karaiñe'ẽme: orgullo) ha'e peteĩ temiandu omoangapyhyva, ombohovái peteĩ mba'e pu'akava, tekove ñemomba'eguasúva opu'aka ha ovy'a.",2021-12-05T05:11:36Z,https://gn.m.wikipedia.org/wiki/Momba%27eguasu,OSCAR-2201
"Tupã ñe'ẽngue ryru, hérava avei Tupã ñe'ẽngue, Tupã Ñe'ẽ térã Tavo'y (Karaiñe'ẽ:Biblia) ha'e aranduka ryru marangatu Hesu rapegua. Tupã ñe'ẽngue evereoñe'ẽme, arameoñe'ẽme ha gyresiañe'ẽme ha oguerekóva 66 arandukakuéra. Ha'e opa'ũndyva mokõi pehengue: Ñe'ẽme'ẽ Tuja ha Ñe'ẽme'ẽ Pyahu.",2021-11-30T17:56:27Z,https://gn.m.wikipedia.org/wiki/Tup%C3%A3_%C3%B1e%27%E1%BA%BDngue_ryru,OSCAR-2201
"Chinañe'ẽ ko'a ñe'ẽ oñañe'ẽva tetã China Tekoha Tetãme, Taiguã ha Singapur-pe. ojehaíva ta'ãngáre. Ha'e peteĩ Tetãnguéra Joaju ñe'ẽ.",2021-12-03T22:53:22Z,https://gn.m.wikipedia.org/wiki/China%C3%B1e%27%E1%BA%BD,OSCAR-2201
"Poytugañe'ẽ ha'e ko Indoeuropa ñe'ẽ oñeñe'ẽva Poytuga, Vrasil ha heta tetã Afrikapeguápe. Kuatiañe'ẽ ñepyrũ ojeikuaáva sa ro'y XII peguare , ha voi, sa ro'y XIV mbyte rupi, omopu'ã ko ñe'ẽme peteĩ ñe'ẽporã jopara joja.
Poytugañe'ẽ
Sa ro'y XII pe avei, poytugañe'ẽ ñe'ẽmbo'e pu'aka oñembyeja'o mokõi hendápe jokuairapépe ñaimérõ: ysyrygusu Minho yvate gotyo, Galísia, tetã ojoajúva Leon kasíkere, ha saryty XIII guive, Kastílla akãrojáipe; yvy gotyo , Poytuga, tetã oikóva ha'eñohápe.
Opa guive ñe'ẽ taha'e ha'éva tape oñembohape joavy: Poytugape oñemohatã ñe'ẽ ipavẽ ha tekopyrã, ha Galísiape oike karaiñe'ẽ oiko ramo jepe ichugui peteĩ ñe'ẽ hypy'ũ'ỹva jehaípe. Ã mba'e rupi ambue tetã ijopara tuichave ha, sa ro'y XV guive ñe'ẽmbo'e joaju ikangyve ha oñeñepyrũ oñeñe'ẽ mokõi ñe'ẽme: poytugañe'ẽ ha galasiañe'ẽ.[1]",2021-12-08T06:10:16Z,https://gn.m.wikipedia.org/wiki/Pero%C3%B1e%27%E1%BA%BD,OSCAR-2201
"Hesu omohechauka ku ñembo'ẽ opavavéva oñemomba'eguasúva ñembo'e rupi, Hesu he'i iporãve umíva oñembo'e año ha ñemi, ha omohechauka mba'éichapa oñembo'e va'erã.",2021-02-27T21:49:35Z,https://gn.wikipedia.org/wiki/Ore_Ru,OSCAR-2109
"Ñyrõ Ára niko mba'evai'apo jehechakuaa araite, péicha avei ha'e pe ára imarangatuvéva ha oñemomorâvéva ary pukukuépe. Umi mba'e tuichavéva upe arapegua niko mba'evai'apo ñembogue ha jekupyty. Karu, y'u, jahu ha poreno oñemboyketeva'erã ko aretépe. Karu'ỹ oñepyrũ kuarahy oikévo ha opa ambue ára pyharépe. Ñyrõ Ára oñepyrũ peteĩ ñembo'e reheve hérava Kol Nidre oñeñembo'éva kuarahy oike mboyve. Kol Nidre he'iséva ""mayma ñe'ẽme'ẽ""; ombokusuguepaite -aty guasúpe- umi ñe'ẽme'ẽ peteĩteĩ ojapova'ekue ary ohasava'ekuépe. Iporã ñamohesakã kóva rupive oñembogueha umi ñe'ẽme'ẽ -noñemoañeteiva'ekue- yvypóra ojapo'akue Ñande Rúpe; ha noñemboguéi umi ñe'ẽme'ẽ yvyporakuéra ojapóva ojoapytépe.",2021-03-02T23:24:11Z,https://gn.wikipedia.org/wiki/Yom_Kippur,OSCAR-2109
"Oje'e avei ñe'ẽjoaju ha'eha ñe'ẽ'apesã térã ñe'ẽ aty oguerekóva peteĩ ñe'ẽtéva mosusũmbyre. Ko mba'e sapy'ánte ndoikói Guarani ñe'ẽme, ñe'ẽjoajúpe ndaipórigui ñe'ẽtéva térã ndoje'éi térã ndojehaíri; upéicharõ jepe oñeñandu ñe'ẽtéva oĩha.
Ha'e pe oñeporanduhápe peteĩ mba'e térã peteĩ mba'ére. Guaraníme ñaporandúvo jaipuruva'erã ñe'ẽpehẽtai ""pa"" ha ""pi-ko"". Techapyrã: - Rejútapa ko'ẽrõ - Ohótapiko hógape
Ha'e mokõi ñe'ẽjoaju ohóva ojoapykuéri ja'eporãsérõ, ha ndojojáiva, oĩgui peteĩ oñemomba'eguasuvéva. Ñe'ẽjoajueta po-guyguávape jajuhukuaa:
Ha'e umi ñe'ẽjoaju'etápe oikóva teró moĩmbahárõ. Ko'ãva heñói ojepuru jave ñe'ẽpehẽtai: ""va"", ""va'ekue"", ""va'erã”, ""ha"", ""hague"".
Ko'ãva heñói jaipuru jave ko'ã ñe'ẽriregua: ""gui"", ""rehe"" ha ""rupi"", oñembojoajúvajepi ñe'ẽpehẽtai ""ha"" ha ""hague"" rehe.",2021-02-25T13:51:57Z,https://gn.wikipedia.org/wiki/%C3%91e%27%E1%BA%BDjoaju_Guaran%C3%ADme,OSCAR-2109
"Ñe'ẽ tee Mburunéi-pegua ha'e malásiañe'ẽ, jepémo oĩ peteĩ suárupinte avakuéra oiporúva iñe'ẽ ñepyrũguáramo. Ingyaterrañe'ẽ oñemomba'eguasu avei heta hendápe. Ñe'ẽnguéra ypykueguáre ndojejapói mba'evete.",2021-03-08T13:19:12Z,https://gn.wikipedia.org/wiki/Mburun%C3%A9i,OSCAR-2109
"Iñe'ẽ tee niko hyãsiañe'ẽ. Hákatu, oĩ umi ñe'ẽ ambuéva oñeñe'ẽva avei, pe ""fõ ñe'ẽ"" ha joruvá ñe'ẽ katu oñeñe'ẽva py'ỹi. Róma ikatóliko rape ijeroviaha guasuvéva, ha upei islã, pe vudu ha Lutero rape.",2021-02-25T13:39:30Z,https://gn.wikipedia.org/wiki/Mben%C4%A9,OSCAR-2109
"Rrumáñañe'ẽ (limba română) ha'e peteĩ Indoeuropa ñe'ẽ oĩva Vaykã-Rrumáña ñe'ẽnguéra atýpe, Rróma ñe'ẽnguéra atýgui. Umíva imbytépe, ko ñe'ẽ ha'e upéva oñe'ẽvéva 5ha Európape, karaiñe'ẽ, Poytugañe'ẽ, Hyãsiañe'ẽ ha Italiañe'ẽ rire.
Amo 28 sua tekovekuéra oñe'ẽ Rrumáñañe'ẽ, umívagui amo 20 sua oiko Rrumáña retãme. Ko ñe'ẽ ha'e tetã Rrumáña ha Moyndávia iñe'ẽ tee.[1]",2021-03-08T03:38:13Z,https://gn.wikipedia.org/wiki/Rrum%C3%A1%C3%B1a%C3%B1e%27%E1%BA%BD,OSCAR-2109
"Nepali ñe'ẽ térã nepali ha'e ku indoeuropa ñe'ẽ, ñe'ẽ tee Nepal retãme, ha'e ñe'ẽ ñepyrũgua oñe'ẽva 43-49% Nepal retãygua apytégui. Avei, ha'e ñe'ẽ mokõihagua oiporúva heta tavayguakuéra ko tetãmegua. Vutã retãme, nepali ñe'ẽ añoite ha'e ñe'ẽ ndaha'éiva ñe'ẽ ñemoñare tiveto-virmána rehegua, peteĩva umi mbohapy ñe'ẽnguéra apytégui ojeiporuvéva opaite hendáre, vutanes ha kénka ndive.[1]
Nepali ha'e ñe'ẽ tee ha tetã ñe'ẽ Nepal-pe. Ambue ñe'ẽnguéra ypykuegua oguereko avei techakuaa 'ñe'ẽnguéra tetã Nepal-guáramo', hákatu apoukapy ñe'ẽ rehegua sa'i mba'e ikatu ojapo, ha, añeteháme, aimete ndojejapói he'iháicha.
Hindi ñe'ẽ ha inglyesñe'ẽ ha'e ñe'ẽnguéra tee India-pe; índi ha'e avei, ñe'ẽ tetã mba'éva ojeiporúva tetã sãmbyhyhárupi. Tekome'ẽrusu ohechakuaa 22 ñe'ẽnguéra. Nepali ha'e ñe'ẽ tee ambue ndive umi tenda índio Sikkim ha Vengala kuarahyreikéguápe.",2021-02-24T21:22:56Z,https://gn.wikipedia.org/wiki/Nepali_%C3%B1e%27%E1%BA%BD,OSCAR-2109
"Yvyafrika oñe'ẽ 11 ñe'ẽ: Ahykañe'ẽ, Inglyesñe'ẽ, Ndevele, Sesoto, Sesoto sa levoa ñe'ẽ, Seysuanañe'ẽ, Suasilandiañe'ẽ, Tsonga ñe'ẽ, Vendañe'ẽ, Xhosa ha Zulúñe'ẽ.",2021-03-02T18:08:19Z,https://gn.m.wikipedia.org/wiki/Yvy%C3%A1frika,OSCAR-2109
"Tetã ijaty ojokuaikuaáva peteĩnte ndaha'éi Tetã ituvicha ha'eño ha milíko, tapicha kuéra ojeporavokatúgui mburuvicharã, peteĩ atýgua katu.",2021-03-08T04:22:09Z,https://gn.wikipedia.org/wiki/Aty_ojokuaikua%C3%A1va_pete%C4%A9nte,OSCAR-2109
"Achegety ha'e peteĩ taikuéra aty mohendakuaáva peteĩ ñe'ẽgua. Taikuéra omoha'ãnga taipukuéra. Peteĩha achegety ojapova Ehiptope, 5000 arykuéra yma.",2021-03-08T04:15:38Z,https://gn.wikipedia.org/wiki/Achegety,OSCAR-2109
"Avañe'ẽ ha'e peteĩ ñe'ẽ tupi-guarani ñe'ẽ pegua oñeñe'ẽva Ñembyamérikape, Paraguái, Argentina, Bolivia ha Pindorámape. Avañe'ẽ ha'e peteĩ te'yikuéra Amérikagua ñe'ẽnguéra apytépe heta iñe'ẽhárava, oñemohendáva irundy tetãnguéra iñambuévape. Avei, ha'eñoite ojehechakuaáva ñe'ẽ teéramo peteĩ Paraguái, Taragui, Bolivia ha Takurúpe.
Ko tenda ha'e peteĩ kuaapy aty ohaíva ñanduti puruharakuéra voi. Nde rehekakuaáirõ avañe'ẽme, ikatu roipytyvõ ndéve ko'ápe. Ndahasýi!",2021-03-01T10:08:37Z,https://gn.wikipedia.org/wiki/Ape,OSCAR-2109
"Montreal (Hyãsiañe'ẽpe:Montréal) ha'e peteĩ táva Kévek Tetãvore, Kanatãpe. Oguereko mokõi ñe'ẽ: inglyesñe'ẽ ha hyãsiañe'ẽ. Ha'e peteĩ táva heta apopy.",2021-02-25T14:18:57Z,https://gn.wikipedia.org/wiki/Montreal,OSCAR-2109
Poloñañe'ẽ ha'e peteĩ ñe'ẽ esláva kuarahyreikégua oñeñe'ẽva hetave Polóña retãme. Oipuru latinañe'ẽ achegety haipyrã.,2021-02-24T20:40:54Z,https://gn.wikipedia.org/wiki/Polo%C3%B1a%C3%B1e%27%E1%BA%BD,OSCAR-2109
"Marfil Rembe'y ha'e upe tetã 53ha orekovéva tekovekuéra ipype ha tetã 68ha ijyvy apekue tuichakuére, tapichakuéra retakue oiko ko tetãme ohupyty amo 23 sua ha ijyvy apekue ha'e 322 463 km².[1] Itavusu ha'e táva Iamusúkoro ha ko tetã rekuái oimehápe ha'e táva Ambijã.",2021-03-08T03:20:54Z,https://gn.wikipedia.org/wiki/Marfil_Rembe%27y,OSCAR-2109
"Kambojañe'ẽ térã hemére ñe'ẽ (Kambojañe'ẽme, ភាសាខ្មែរ kamae) ha'e peteĩ umi Ñemby Ásia ñe'ẽnguéra, peteĩ umi oñeñe'ẽvéva ko atýpe. Sánskrito ha páli ñe'ẽ heta omoguahẽ ñe'ẽnguenguéra Kambojañe'ẽme Vuda rape jeroviáre y del Indu jeroviáre.",2021-02-27T21:44:58Z,https://gn.wikipedia.org/wiki/Kamboja%C3%B1e%27%E1%BA%BD,OSCAR-2109
"Ñe'ẽ (karaiñe'ẽme: Idioma, lengua, charla) ha'e pe mba'epu oipurúva tekovekuéra oñemongeta hag̃ua oñondive peteĩ atýpe.
TEKOVETY REMIMBA'E. Ñe'ẽ jára ha'e avano'õ, tekovety, pe ""sociedad"" ja'éva karaiñe'ẽme. Oñeñe'ẽ hag̃ua, tekotevẽ pe ñemongeta. Ñemongeta ha'e upéicha, pe tembiapo oĩva ñe'ẽ apyteretépe ñemogeta rehe oñepyrũ ñe'ẽ.",2021-03-01T22:06:03Z,https://gn.wikipedia.org/wiki/%C3%91e%27%E1%BA%BD,OSCAR-2109
"Tataveve hérava avei Élio (Gyresiañe'ẽgua:Ήλιος, helios, ""Kuarahy"") ha'e peteĩ apỹi kimi rehegua. Átomo mba'era'ã ha'e 4.",2021-03-01T23:23:33Z,https://gn.wikipedia.org/wiki/Tataveve,OSCAR-2109
"Teresina ha'ehína peteĩ táva Vrasil, oĩ kurahyresẽ tetã retãme. Teresina oĩko peteĩ távagua ve guasu táva yvy. Ko távape oiko 893 246 ava (2007 ary).",2021-02-24T20:38:25Z,https://gn.wikipedia.org/wiki/Teresina,OSCAR-2109
"Avañe'ẽ ha Guaraniñe'ẽ ombohéra hikuái umi Guaranikuéra pe iñe'ẽ teépe. Guarani ha'e peteĩva umi te'yikuéra Amérika-gua ñe'ẽnguéra apytépe hetave iñe'ẽhárava, oñemohendáva irundy tetãnguéra iñambuévape (Paraguái, Argentina, Volívia ha Pindoráma). Avei, ha'eñoite ojehechakuaáva ñe'ẽ teéramo peteĩ tetã Ñembyamérika-guápe.
Tupi ha guarani ñe'ẽ aty guasu rehegua, oguereko hetáichagua ñe'ẽnunga, upéicharõ jepe oĩ jekupyty ijapytepekuéra ha heta mba'épe ojojogua ko'ã ñe'ẽnungakuéra.
Avañe'ẽ ha karaiñe'ẽ ha'e Paraguái retaãme ñe'ẽ tee ary 1992 guive. Japypateĩ 2006 guive ha'e avei ñe'ẽ tee Mercosur-pe, karaiñe'ẽ ha poytugañe'ẽ ykére.
Ñe'ẽjoapykuaa avañe'ẽme niko ojehu mokõi térã hetave ñe'ẽ ỹrõ ñe'ẽpehẽtai -ñepyrũrãme ojoavýva he’isévape- ojoaju jave omoheñói hag̃ua peteĩ ñe'ẽ pyahu, he'ise pyahúva avei.",2021-03-04T21:59:07Z,https://gn.wikipedia.org/wiki/Ava%C3%B1e%27%E1%BA%BD,OSCAR-2109
"Ñe'ẽ ojepuru jey ñe'ẽ porã rembipurúrõ sa ro'y XIX pe, peteĩ ñe'ẽ mbyky Minsk ñe'ẽicha. Upérõ ha sa ro'y XX ñepyrúrõ ojepuru ojehai hagua latinañe'ẽ achegety ha siríliko. Soviétiko ñemongu'e omoporã ha omoñe'ẽpavẽ ; rrusiañe'ẽ ñe'ẽ itenonde ramo jepe, oñeñe'ẽ mokõi ñe'ẽ.",2021-02-27T22:23:25Z,https://gn.wikipedia.org/wiki/Vielorrusia%C3%B1e%27%E1%BA%BD,OSCAR-2109
"Ingleñe'ẽ ha ingyaterrañe'ẽ (English) ha'e ko ñe'ẽ germánico occidental oñeñe'éva Tetã peteĩ reko Amérikagua, Ingyaterra, Kanatã ha heta tetã Asia ha Afrikapeguápe.
Inglesñe'ẽ ha'e peteĩ ñe'ẽ hermánika kuarahyreikepegua heñóiva ñe'ẽ oguahẽva saro'y V jerére Gran Bretáña-pe; angloñe'ẽ, sahoneñe'ẽ, ha jútoñe'ẽ rupive, táva hermániko oĩva Alemaña ha Ndinamayka rembe'ýpe. Péicha oñepyrũ rupi ikatu jahecha ko árape frisõñe'ẽ ha váho alemãñe'ẽ ha inglesñe'ẽ jojogua. Inglesñe'ẽ kuatiahaipy ñepyrũ oĩ ary 700 rupi.",2021-03-08T04:29:27Z,https://gn.wikipedia.org/wiki/Ingyaterra%C3%B1e%27%E1%BA%BD,OSCAR-2109
"Tamil ha'e peteĩ ñe'ẽ hembiasakue hetáva ñe'ẽporãhaipyrépe hetavéva 2.000 arýgui ha ha'eva'ekue India-gua ñe'ẽ tenonderãite ojehechakuaáva ñe'ẽ ymaguaréicha, ary 2004-pe.[2]",2021-03-02T16:25:42Z,https://gn.m.wikipedia.org/wiki/T%C3%A1mil_%C3%B1e%27%E1%BA%BD,OSCAR-2109
"Mbya ha'e ypyaguakuéra aty oikovéva Paraguái, Arhentína ha Vrasílpe. Ko'ã ypykuéraguaicha oguereko 25.000 ava opárupi. Ha'ekuéra oñe'ẽ peteĩ Avañe'ẽguáicha hérava ""Ayvu"".",2021-03-08T03:12:31Z,https://gn.wikipedia.org/wiki/Mby%27a,OSCAR-2109
"Ytaygua ha'e peteĩ tava ojetopáva Paraguái retãme, tetãvore Centralme. Ko táva ojetopa 30 km Paraguaýgui.",2021-02-25T04:57:02Z,https://gn.wikipedia.org/wiki/Itaugua,OSCAR-2109
"Haiti oñembokuaa isãsoha ára 1 jasyteĩ ary 1804-pe, tetã isãsóva mokõiha opaite Amérikape, peteĩha ha'e akue Tetãvore Joapykuéra, Hyãsia retã pegua.",2021-03-08T04:30:52Z,https://gn.wikipedia.org/wiki/Haiti,OSCAR-2109
"Hyãsiañe'ẽ ha'e peteĩ ñe'ẽ Indoeuropagua, oñe'ẽva 220 sua ava rehe. Ou latinañe'ẽgua. Ha'e peteĩ Tetãnguéra Joaju ñe'ẽ. Ñe'ẽ rapykuere ikatu oñembyeja'o irundy árape: hyãsiañe'ẽ ymaguare (ijypyetégui sa ro'y XIII peve), hyãsiañe'ẽ mbytepegua (sa ro'y XIV - XVIII) ha hyãsiañe'ẽ ipyahúva (sa ro'y XIX guive).
Ñepu'ã ohupytykáva heko ko'ãgagua ohupytyva'ekue upe rirégua árape. Maymáva ñe'ẽjoavy hyãsiañe'ẽ, ápe ndoikéi fransiáno, ñe'ẽ mbyky pyrenda, oñemyengovia mberekatuhína, oñemoĩ porã rire ñe'ẽpavẽ rupive. Jepeve ã mba'e, ko'ã ñe'ẽ, ojepurúva hembe'ýre ha ko árape ojehecharamo, ojepurúgueteri ñe'ẽporã ha marandu'ípe, ha oĩ heta aty oñangarekóva hese.",2021-03-02T18:03:54Z,https://gn.m.wikipedia.org/wiki/Hy%C3%A3sia%C3%B1e%27%E1%BA%BD,OSCAR-2109
"Mba'yjua, herava avei Mba'yrumýi puku ha'e peteĩ mba'yrumýi aty oraháva mba'e ha tekove, mba'yjua rape rehe. Ñemýiha (locomotora) omyatã mba'yjua.",2021-03-02T17:26:02Z,https://gn.m.wikipedia.org/wiki/Mba%27yjua,OSCAR-2109
"Peteĩ musaróga ha'e peteĩ moĩrenda oñongatúva peteĩ aty avajapopyre ha ambue mba'e tekotevẽva mba'eporã, tembikuaaty, tembiasakue térã arandukuaáre ha ohechauka chupekuéra itaverukuéra rupi ikatúva oĩmeme upépe térã ndameméi. Musarogakuéra tuichavéva oĩ táva guasukuéra ha tendaguavéva oĩ táva michĩnguérame.",2021-03-04T21:04:10Z,https://gn.wikipedia.org/wiki/Musar%C3%B3ga,OSCAR-2109
"Tetã Filipina térã Hilipina (filipinañe'ẽme: Pilipinas; inglyesñe'ẽme: Philippines) ha'e peteĩ ypa'ũ tetã oĩ Yvykuarahysẽ Asia, Paraguasu Py'aguapy. Oguereko 7.107 ypa'ũnguera. Filipina ha'e pakõiha tuichave tetãyguakuéra tetã yvórape 94.010.000 avakuéra ndive. Itavaguasu ha'e Manila táva ha ituicha táva ha'e Táva Kesõ, Filipina oñe'ẽ filipinañe'ẽ ha inglyesñe'ẽ.",2021-03-04T23:03:54Z,https://gn.wikipedia.org/wiki/Filip%C3%ADna,OSCAR-2109
"Ko tenda oiko ñanduti ñe'ẽndy ohaíva ñanduti poruhára kuéra voi. Nde rehai kuaárõ avañe'ẽme, ikatu reiporopytyvõ ko'ápe.",2021-02-25T05:26:28Z,https://wd-gn.wikideck.com/Ape,OSCAR-2109
"Ko ñe'ẽ ou latinañe'ẽgui ha ojepuru heta ambue ñe'ẽme, peteĩpe guarã ha hetávape guarã.[2] Ingyaterrañe'ẽme térã hyãsiañe'ẽme, pe currículum vítae ikatu oñemombykymi C.V. térã résumé.",2021-03-04T22:16:29Z,https://gn.wikipedia.org/wiki/Tekove_arandupy,OSCAR-2109
"Chinañe'ẽ ko'a ñe'ẽ oñañe'ẽva tetã China Tekoha Tetãme, Taiguã ha Singapur-pe. ojehaíva ta'ãngáre. Ha'e peteĩ Tetãnguéra Joaju ñe'ẽ.",2021-03-08T03:35:08Z,https://gn.wikipedia.org/wiki/China%C3%B1e%27%E1%BA%BD,OSCAR-2109
"Tetã Varéĩ térã Tetã Varáĩ (áraveñe'ẽme:) ha'e tetã michĩve ha peteĩ ypa'ũ oĩ Arávia, Asia. Varéĩ ha'e peteĩ ypa'ũaty 23 ypa'ũ ndive. Itavusu ha'e táva Manama ha iñe'ẽ ha áraveñe'ẽ.",2021-03-08T12:14:18Z,https://gn.wikipedia.org/wiki/Var%C3%A9%C4%A9,OSCAR-2109
"Ko'ãga oguereko 193 tetã oikóva ipype, ha ijatyharóga oĩ táva Nueva York. Tetãnguéra Joaju ñe'ẽnguéra ha'e áraveñe'ẽ, chinañe'ẽ, karaiñe'ẽ, hyãsiañe'ẽ, inglyesñe'ẽ ha rrusiañe'ẽ.",2021-03-04T19:22:40Z,https://gn.m.wikipedia.org/wiki/ONU,OSCAR-2109
"Tupã ñe'ẽngue ryru, hérava avei Tupã ñe'ẽngue, Tupã Ñe'ẽ térã Tavo'y (Karaiñe'ẽ:Biblia) ha'e aranduka ryru marangatu Hesu rapegua. Tupã ñe'ẽngue evereoñe'ẽme, arameoñe'ẽme ha gyresiañe'ẽme ha oguerekóva 66 arandukakuéra. Ha'e opa'ũndyva mokõi pehengue: Ñe'ẽme'ẽ Tuja ha Ñe'ẽme'ẽ Pyahu.",2021-02-26T06:11:01Z,https://gn.wikipedia.org/wiki/Tup%C3%A3_%C3%B1e%27%E1%BA%BDngue_ryru,OSCAR-2109
"Vengali ha'e tetã ñe'ẽ ha ñe'ẽ tee Vangyladẽ retãme, oñemboherahápe vangla. Ñe'ẽnguéra ypykuegua ndojehechakuaái tembiapoukapýpe.",2021-03-01T22:24:19Z,https://gn.wikipedia.org/wiki/Vengali_%C3%B1e%27%E1%BA%BD,OSCAR-2109
"Vangalande Tekoha Tetã térã Vangalande ha'e peteĩ tetã oĩ Yvy Asia. Ijerére niko ojejuhu India, ha yvýpe Miamar ndive. Vangalande ha'e pokõiha tuichave tetãyguakuéra tetã yvórape 158.570.535 avakuéra ndive. Itavusu ha'e Ndaka táva. Ko tetã oñe'ẽ Vengali ñe'ẽ.",2021-03-08T03:59:22Z,https://gn.wikipedia.org/wiki/Vangalande,OSCAR-2109
"Peteĩ ñe'ẽnguéra aty ha'e umi aty oñemohendaháicha ñe'ẽnguéra ojoguáva oguerekógui ñe'ẽ ijypykue peteĩ, hérava proto-ñe'ẽ.",2021-03-02T17:00:47Z,https://gn.m.wikipedia.org/wiki/%C3%91e%27%E1%BA%BDngu%C3%A9ra_aty,OSCAR-2109
"Oheka ohupyty tetã heta ñopytyvõ pirapire ñemomba'apóre ha jokuaikuaáre, ha ary 1950 guive peteĩ tetã oĩrõ ko atýpe ndahe'iséi oĩva Tavetã Joaju poguýpe. Oikévo tetã Mosambike, ko aty oñemomba'e ko ñe'ẽ Tetãnguéra Ñembojoaju ohechauka hag̃ua ko aty omba'apo heta tetã rehe. Ojeipurúramo jepe ko ñe'ẽ Vyretáña pegua ombojuavy hag̃ua ko aty umi ñembojoaju ambuéva pegua oikóva Yvy ári.",2021-03-02T23:38:39Z,https://gn.wikipedia.org/wiki/Tet%C3%A3ngu%C3%A9ra_%C3%91embojoaju,OSCAR-2109
"Reikuaaporãsérõ peteĩ mba'e, eike Vikipetã oĩva España ñe'ẽme, upépe eiporavo pe mba'e reikuaaporãséva ha embohasa upe mba'e Guaraníme.",2021-03-02T23:33:26Z,https://gn.wikipedia.org/wiki/Vikipet%C3%A3:Tekohapegua,OSCAR-2109
"Ko ñe'ẽ apopyréva ojejapova'ekue peteĩ ñe'ẽndy romániko-gui (oike'imi avei ñe'ẽ germániko), peteĩ ñe'ẽpuandu oñemopyendáva esláva-re ha peteĩ ñe'ẽysajakuaa oñemopyendáva ñe'ẽnguéra indoeuropéa kuarahyreikeguáre. Ambue mba'épekatu, ñe'ẽjoapy ha ijepurupýpe, ojehe'a mbarete esperánto ñe'ẽharakuéra ñepyrũguare ñe'ẽ ypy, jahechakuaave rrusiañe'ẽ, poláko, alemañañe'ẽ ha hyãsiañe'ẽ.",2021-03-04T22:19:01Z,https://gn.wikipedia.org/wiki/Esperanto,OSCAR-2109
"Mayndíva ñe'ẽ ha peteĩ ñe'ẽ Ásia pegua, indo ária ñe'ẽ oñeñe'ẽvéva upe ypa'ũ aty tetã Mayndíva pegua. Amo 300.000 tapichakuéra oñe'ẽkuaa Mayndíva ñe'ẽme.",2021-03-01T22:20:58Z,https://gn.wikipedia.org/wiki/Maynd%C3%ADva_%C3%B1e%27%E1%BA%BD,OSCAR-2109
"Hapõñe'ẽ (日本語, Nihongo) ha ku ñe'ẽ oñe'ẽva Hapõ retãme. Hapõñe'ẽ ñemohenda altáika ñe'ẽ ñemoñare apytépe, oñemyesakãva'era gueteri. Hesakãporã ojehe'aha koreañe'ẽ rehe ha oĩ ogueroviáva mokõive ñe'ẽ hapõñe'ẽ ha koreañe'ẽ ojoajuha ñe'ẽnguéra aty manchu-tunguses rehe, oguerekóva ko'ágãrupi ndaha'éi heta sua ñe'ẽharakuéra China Tekoha Tetã yvate-kuarahyresẽ gotyo ha tendakuérape Rrusiagua hi'aguĩva chugui. Oĩ ñe'ẽrekokuaahára he'íva oĩha peteĩ aty hapõñe'ẽ pegua, omoĩngéneva mokoĩ ñe'ẽ: hapõñe'ẽ ha riukiuáno, ñe'ẽ oiporúva ko'agãite 1.650.000 tapichakuérarupi tavao Okinawa-pe.[1] Ojehai hag̃ua Hapõñe'ẽme, ojeipuru kanji, hiragana ha katakana.",2021-02-24T21:11:39Z,https://gn.wikipedia.org/wiki/Hap%C3%B5%C3%B1e%27%E1%BA%BD,OSCAR-2109
"Jogapo (karaiñe'ẽme: construcción) ha'e oimeraẽ óga ñemopu'ã. Ipype oike óga apo ha óga yvate ñemopu'ã, peteĩ jogapo ha'e opa mba'e oñemopu'ãséva ha ava oñeimo'ã va'erã mba'éichapa omopu'ãta. Ko ñe'ẽ ou umi mokõi ñe'ẽngue avañe'ẽgui: ""óga"" ha ""apo"".
Jogapo oñepyrũ peteĩ ñeimo'ã kuatiáre rupive, yvypóra opy'amongeta va'erã mba'éichapa omopu'ã hógarã, ha upei omba'apo óga pyendápe, tápia kuéra ñemopu'ã ha óga ahoja, opa mba'e oimérõ hendápe ha óga ikatu ojepurúrõ, opa.",2021-03-02T17:34:00Z,https://gn.m.wikipedia.org/wiki/Jogapo,OSCAR-2109
"Saro'y XIX jave, Hyrãsia ha'e akue peteĩ tetã mbareteite, ojapo heta kolónia ha oñemu heta, ha heta ary jave iñe'ẽ, hyrãsiañe'ẽ ha'e akue ñe'ẽ tenondeguavéva ojeipururã tetã ñeporombuekoviáva, ko ñe'ẽ niko opu'ãvéva umi rrománika pa'ũme ha'e hyãsiañe'ẽ, térã imombyryvéva latinañe'ẽ pegua. Ko ára jave, hyãsiañe'ẽ ojeipuruite heta tetãme ha imba'eguasuite.",2021-03-08T04:31:16Z,https://gn.wikipedia.org/wiki/Hy%C3%A3sia,OSCAR-2109
"Chípere (Gyresiañe'ẽme Κύπρος, Kýpros; ha tuykiañe'ẽ: Kıbrıs), ha'ehína peteĩ tetã hekosãsova Európa pegua, oĩva peteĩ ypa'ũ para Yvy mbytépe. Itavusu ha'e táva Nikósia.",2021-03-08T03:43:43Z,https://gn.wikipedia.org/wiki/Ch%C3%ADpere,OSCAR-2109
"Karaiñe'ẽ ha españañe'ẽ, térã katiliáñe'ẽ oĩ ko peteĩ ñe'ẽ Europapegua. Ha'e peteĩ Tetãnguéra Joaju ñe'ẽ.",2021-03-01T23:31:33Z,https://gn.wikipedia.org/wiki/Karai%C3%B1e%27%E1%BA%BD,OSCAR-2109
"Yvyra Arareñóigua (karaiñe'ẽme: Árbol de Navidad) térã Arareñói Yvyra ha'e peteĩ yvyra térã yvyra gua'u ombojeguava Arareñói hag̃ua. Ko yvyra ha'e mbojeguavapyre apu'a sa'yreko ndive, mbyjami, mba'erendy ndive ha ambue mba'e ombojeguava.",2021-03-08T03:53:09Z,https://gn.wikipedia.org/wiki/Yvyra_Arare%C3%B1%C3%B3igua,OSCAR-2109
"Upéicha, tetãygua rekópe oike opa umi mba'e tetãyguanguéra ojapo va'erã hetãme guarã ha opa umi mba'e hetã ome'ẽ va'erã ichupe, tekoiterape tetã ome'ẽva hetãygua teekuérape.",2021-03-02T17:19:57Z,https://gn.m.wikipedia.org/wiki/Tet%C3%A3ygua_reko,OSCAR-2109
"Ñe'ẽpukuaa niko ñe'ẽtekuaa vore ñanerekombo'éva mba'éichapa ñambohyapu ha jahaiva'erã hekopete umi taipu (fonemas), ñe'ẽpehẽ (sílabas) ha ñe'ẽ (palabras) peteĩ ñe'ẽtegua.
4.1. Ñe'ẽ imuanduheteĩva (Palabras monotónicas): Ha'e umi ñe'ẽ oguerekóva ipype peteĩ pu'ae atã añónte (hai térã pureko).
Umi ñe'ẽpehẽtai mboyvegua, ñe'epehẽtai upeigua ha umi ñe'ẽriregua iñe'ẽpehẽteĩva ojoajuva'erã iñe'ẽrapóre (raíz), ha oiko chuguikuéra peteĩ ñe'ẽ año jehaípe.",2021-03-02T17:48:07Z,https://gn.m.wikipedia.org/wiki/Ava%C3%B1e%27%E1%BA%BD_achegety,OSCAR-2109
"Ñemýiha (karaiñe'ẽme: Locomotora) ha'e peteĩ mba'yrumýi omyatã Mba'yrumýi puku, mba'yjua rape rehe. Ha'e tenonde pehẽngue Mba'yjuagua.",2021-02-25T14:36:26Z,https://gn.wikipedia.org/wiki/%C3%91em%C3%BDiha,OSCAR-2109
"Tata ha'e mohavẽ rairõhape peteĩ mba'e hapyha, ojera taku, mba'etĩ (tatatĩ) ha tendy. Tata ha'e peteĩ jehe'a, mba'etĩkuéra ha takuguasu.",2021-03-08T04:04:04Z,https://gn.wikipedia.org/wiki/Tata,OSCAR-2109
"Tajikitã ha'e peteĩ tavakuairetã mburuvicharapépe oñemohendáva irundy tetãvore rupive. Poapy sua Tajikitã retãygua pehẽngue tuichavéva ijypykuekuéra niko tajíke ñemoñarégui ha oñe'ẽ hikuái tajíke ñe'ẽ (Peysiañe'ẽ), hákatu oĩ heta tapicha oñe'ẽva gueteri Rrusiañe'ẽ. Yvytykuéra oñuãmba amo 90% ko tetã apekuégui. Amo 20% umi Tajikitã retãyguágui orekónte 1,25 dólar oiko hag̃ua ára ha ára.[5]",2021-03-08T03:46:35Z,https://gn.wikipedia.org/wiki/Tajikit%C3%A3,OSCAR-2109
"Montenégyro ñe'ẽ (crnogorski) ha'e voi Seviañe'ẽ ñemoambuemíva,[1][2] Indoeuropa ñe'ẽ. Oñeñe'ẽ Montenégyro retãme, ha upe tetã isãso guive ha'eha iñe'ẽ tee, amo 230.000 tekovekuéra oñe'ẽkuaa ko ñe'ẽme.",2021-03-01T22:45:23Z,https://gn.m.wikipedia.org/wiki/Monten%C3%A9gyro_%C3%B1e%27%E1%BA%BD,OSCAR-2109
"Tava'i (Poytugañe'ẽme:Tabaí) ha'ehína peteĩ táva Pindorama retãme, ñembýpe gotyo. Oĩhína tetãvore Rio Grande do Sul-pe.",2021-02-27T22:13:54Z,https://gn.wikipedia.org/wiki/Tava%27i_(Rio_Grande_do_Sul),OSCAR-2109
Vikipetã katalã ñe'ẽme ha'e upe Vikipetã peteĩ ñe'ẽme oñeñe'ẽva ku tetãvore hekosãsóva España pegua. Nde ikatu poroipytyvõ upépe.,2021-02-24T21:21:58Z,https://gn.wikipedia.org/wiki/Katal%C3%BA%C3%B1a,OSCAR-2109
"Oiko peteĩ kirirĩ ñemondýi pe kotýpe. Kuimba'ekuéra oĩ haguéicha omañajoa ojuehekuéra. Ha upéicha háguinte, elfinadorã, omano mboyve, oñe'ẽ sapy'a ha he'i:",,,OSCAR-2019
"Reikuaaporãsérõ peteĩ mba'e, eike Vikipetã oĩva España ñe'ẽme, upépe eiporavo pe mba'e reikuaaporãséva ha embohasa upe mba'e Guaraníme.",,,OSCAR-2019
"Ko haipy oñe'ẽ Tavakuairetã Chína rehegua. Rehechasérõ ko ñe'ẽ he'iseha ambuéva, ehecha Chína Tetarã Retã.",,,OSCAR-2019
"Ingleñe'ẽ ha'e ko ñe'ẽ germánico occidental oñeñe'éva Tetã peteĩ reko Amérikagua, Ingyaterra, Kanatã ha heta tetã Asia ha Afrikapeguápe.
Inglyesñe'ẽ ha'e peteĩ ñe'ẽ hermánika kuarahyreikepegua heñóiva ñe'ẽ oguahẽva saro'y V jerére Gran Bretáña-pe; angloñe'ẽ, sahoneñe'ẽ, ha jútoñe'ẽ rupive, táva hermániko oĩva Alemaña ha Ndinamayka rembe'ýpe. Péicha oñepyrũ rupi ikatu jahecha ko árape frisõñe'ẽ ha váho alemãñe'ẽ ha inglyesñe'ẽ jojogua. Inglyesñe'ẽ kuatiahaipy ñepyrũ oĩ ary 700 rupi.",,,OSCAR-2019
"Avañe'ẽ ha'e peteĩ ñe'ẽ tupi-guarani ñe'ẽ pegua oñeñe'ẽva Ñembyamérikape, Paraguái, Argentina, Bolivia ha Pindorámape. Avañe'ẽ ha'e peteĩ te'yikuéra Amérikagua ñe'ẽnguéra apytépe heta iñe'ẽhárava, oñemohendáva irundy tetãnguéra iñambuévape. Avei, ha'eñoite ojehechakuaáva ñe'ẽ teéramo peteĩ Paraguái, Taragui, Bolivia ha Takurúpe.
Ko tenda ha'e peteĩ kuaapy aty ohaíva ñanduti puruharakuéra voi. Nde rehekakuaáirõ avañe'ẽme, ikatu roipytyvõ ndéve ko'ápe. Ndahasýi!",,,OSCAR-2019
"↑ Oñeñe'ẽ avei ñe'ẽ pytagua: Neelándañe'ẽ ha Chinañe'ẽ, ha ñe'ẽnguéra ambuéva tetãygua: Háva ñe'ẽ ha Sonda ñe'ẽ.",,,OSCAR-2019
"Santiago de Chile ha'ehína peteĩ táva Chile, oĩ mbytépe tetã retãme. Santiago oĩko peteĩ távagua ve guasu táva yvy. Ko távape oiko 6.310.000 ava (2016 ary).",,,OSCAR-2019
"Ko tenda oiko ñanduti ñe'ẽndy ohaíva ñanduti poruhára kuéra voi. Nde rehai kuaárõ avañe'ẽme, ikatu reiporopytyvõ ko'ápe.",,,OSCAR-2019
"Alegrete ha'ehína peteĩ táva Brasil retãme, ñembýpe gotyo. Oĩhína tetãvore Rio Grande do Sulme. Ko távape oiko 77 673 áva (2006 ary).",,,OSCAR-2019
"Poytugañe'ẽ ha'e ko Indoeuropa ñe'ẽ oñeñe'ẽva Poytuga, Vrasil ha heta tetã Afrikapeguápe. Kuatiañe'ẽ ñepyrũ ojeikuaáva sa ro'y XII peguare , ha voi, sa ro'y XIV mbyte rupi, omopu'ã ko ñe'ẽme peteĩ ñe'ẽporã jopara joja.
Opa guive ñe'ẽ taha'e ha'éva tape oñembohape joavy: Poytugape oñemohatã ñe'ẽ ipavẽ ha tekopyrã, ha Galísiape oike karaiñe'ẽ oiko ramo jepe ichugui peteĩ ñe'ẽ hypy'ũ'ỹva jehaípe. Ã mba'e rupi ambue tetã ijopara tuichave ha, sa ro'y XV guive ñe'ẽmbo'e joaju ikangyve ha oñeñepyrũ oñeñe'ẽ mokõi ñe'ẽme: poytugañe'ẽ ha galasiañe'ẽ.[1]",,,OSCAR-2019
"Epaña Léiguasu he'i karaiñe'ẽ ha'e Tetã ñe'ẽ tee ha opa umíva España pegua oikuaa va'erã ha oñe'ẽkuaa va'erã chupe.[4] Ary 200 jave, amo 89 % oñe'ẽva karaiñe'ẽ hóga guive.[5] Oĩ avei ñe'ẽ ambuéva heko tee ""tetãvore tetãvore"" rupi.",,,OSCAR-2019
"Híndi oĩ umi ñe'ẽnguéra aty urdu ñe'ẽ reheguápe ha ko'ã mokoĩ ñe'ẽnguéra ñe'ẽhára ojukupyty oñondive, jepémo tuicha ojoavy iñarandukuaápe (híndi-kuéra haimete opavave ha'e indu, ha urdu-kuéra katu ha'e musulman).
Nepali ha'e ñe'ẽ tee ha tetã ñe'ẽ Nepal-pe. Ambue ñe'ẽnguéra ypykuegua oguereko avei techakuaa ñe'ẽnguéra tetã Nepal-guáramo, hákatu apoukapy ñe'ẽ rehegua sa'i mba'e ikatu ojapo, ha, añeteháme, aimete ndojejapói he'iháicha.",,,OSCAR-2019
"Barra do Guarita ha'ehína peteĩ táva Pindorama retãme, ñembýpe gotyo. Oĩhína tetãvore Rio Grande do Sul-pe.",,,OSCAR-2019
"Ko'ápe ñanohẽ umi ñe'ẽnga ñanembo'éva mba'éichapa jaiko va'erã mba'e vai terã mba'e porã jareko jave, terã ñandepyahu aja; ha avei mba'épa",,,OSCAR-2019
"Ñemongolo ha'e tempiapoporã ojeipuruhápe pinĩ (pintura) peteĩ ape hatãva ári. Ko mba'eporãme ojepuru heta aporeko, sa'y jehe'a ha ñemohechauka aporeko.",,,OSCAR-2019
"Yvyra Arareñóigua (karaiñe'ẽ: Árbol de Navidad) térã Arareñói Yvyra ha'e peteĩ yvyra térã yvyra gua'u ombojeguava Arareñói hag̃ua. Ko yvyra ha'e mbojeguavapyre apu'a sa'yreko ndive, mbyjami, mba'erendy ndive ha ambue mba'e ombojeguava.",,,OSCAR-2019
"Tetã Filipina térã Hilipina (filipinañe'ẽme: Pilipinas; inglyesñe'ẽme: Philippines) ha'e peteĩ ypa'ũ tetã oĩ Yvykuarahysẽ Asia, Paraguasu Py'aguapy. Oguereko 7.107 ypa'ũnguera. Filipina ha'e pakõiha tuichave tetãyguakuéra tetã yvórape 94.010.000 avakuéra ndive. Itavaguasu ha'e Manila táva ha ituicha táva ha'e Táva Kesõ, Filipina oñe'ẽ filipinañe'ẽ ha inglyesñe'ẽ.",,,OSCAR-2019
Tupi ha guarani ñe'ẽ aty'i: 52 ñe'ẽnguéra.[9] Ñe'ẽ tenondegua ha'e guarani ñe'ẽ 6.000.000 avakuéra oñe'ẽ ko'ãga.,,,OSCAR-2019
Download 20ë 30ë ì ì í ë ë í í ë ë ì â ã ì ë ë í ã ì í í ë ì ë ì ì ë.mp3 » MusicDjMix - Download Mp3 Music - Releases and Mixes,,,OSCAR-2019
"Ko tetã iñe'ẽ tee hína Hyãsiañe'ẽ, hákatu ñesãmbyhýme, ñemomarandúme ha mbo'ehápe mante ojeipuru, wólof ñe'ẽ hína upe ñe'ẽ oñe'ẽvéva ko tetãme, hákatu ndaha'éi iñe'ẽ tee.",,,OSCAR-2019
"Tupinamba ñe'ẽ (T-upynãmbá Nhe'ẽnga) ñe'ẽ herava avei Ñe'ẽngatú Tupinambáre távape, ha'e peteĩ tupi-guarani ñe'ẽ oñe'éva Pindorama hembe'y, Maranhão guive São Paulo tetãvoreme peve. Ha'ehína ñe'ẽ ymarehegua ha ndoñe'va ko'aḡame ha erimbaé ha'eva peteĩ ñe'ẽ oñe'éva haguére Pindorama hembe'ypa, peve saro'y XVII. Ko'ag̃a ha'ehína oimeraẽ ñe'ẽ (Nheengatú, Tembé,Suruí do Pará, Guajajara, ha ambueva) oñe'va Vrasilpe.",,,OSCAR-2019
"Ko'ãga oguereko 193 tetã oikóva ipype, ha ijatyharóga oĩ táva Nueva York. Tetãnguéra Joaju ñe'ẽnguéra ha'e áraveñe'ẽ, chinañe'ẽ, karaiñe'ẽ, hyãsiañe'ẽ, inglyesñe'ẽ ha rrusiañe'ẽ.",,,OSCAR-2019
"Karaiñe'ẽ, hyãsiañe'ẽ ha poytugañe'ẽ ha'e ko táva iñe'ẽ tee. Malabo ha'e Gynéa Ekuatógua itáva tujavéva.",,,OSCAR-2019
"Alto Alegre ha'ehína peteĩ táva Brasil retãme, ñembýpe gotyo. Oĩhína tetãvore Rio Grande do Sulme. Ko távape oiko 1 848 áva (2010 ary).",,,OSCAR-2019
"Chípere (Gyresiañe'ẽme Κύπρος, Kýpros; ha tuykiañe'ẽ: Kıbrıs), ha'ehína peteĩ tetã hekosãsova Európa pegua, oĩva peteĩ ypa'ũ para Yvy mbytépe. Itavusu ha'e táva Nikósia.",,,OSCAR-2019
"Jokuaikuaa térã avarekokatukuaa (karaiñe'ẽ: política) ha'eha tembikuaaty purúva oñemoarandúva mba'éichapa peteĩ tapicha aty (avano'õ) hekosãsóva oñemoirũ tekorãhápe ha mba'éichapa oñemohenda mburuvichápe. Oñemoarandu Tetã reko ha ñemohenda. Ombojoaju tekove kuéra jeheka hag̃ua mba'e porã opávape guarã, sãmbyhyha rupi.",,,OSCAR-2019
"Ha'éramo jepe ñe'ẽ Áfrika pegua, heta iñe'ẽnguenguéra áraveñe'ẽ pegua, ha ko'ãga ingleñe'ẽ ha poytugañe'ẽ avei. Amo 45.000.000 tapichakuéra oñe'ẽkuaa suahíli ñe'ẽme.
Ko ñe'ẽ oreko Vikipetã ha'ete avei. Nde ikatu reho upépe ha ikatu reipytyvõ suahíli ñe'ẽ vikipetãme.",,,OSCAR-2019
"Áraveñe'ẽ térã Arávia ñe'ẽ ha'e hína ñe'ẽ Asia ha Afrika pegua. Oguereko 550.000.000 ñe'ẽharakuéra yvype. Ha'e peteĩ Tetãnguéra Joaju ñe'ẽ. Árave ha'e ñe'ẽ semítika itujavéva mayma ko'ãgagua ñe'ẽ pa'ũme, péicha, hi'aguivéva semítiko ñepyrũgui. Péva aravekuéra ñe'ẽ ñepyrũ, oikóva aráviga yvykũme. Oĩ ñe'ẽporã jehaipyre sa ro'y VI guive ha ha'e ñe'ẽ Korã ojehaihague, kuatiañe'ẽ marangatu musulmã mba'éva. Iñemyasãi sa ro'y VII guive, tenda heñoihague guive, ojoaju mbarete yvága rape islã rehe ha avei aravekuéra tahachi mbaretére, omyasãiva hekopohýi Afrika yvate tuichakuére.[1]",,,OSCAR-2019
"Kosovo (sérviañe'ẽme: Косово; avañañe'ẽme: Kosova térã Kosovë) ha'e peteĩ tetã oĩ Europa. Ohupyty sãso 17 jasykõi, 2008pe.",,,OSCAR-2019
"Peteĩ ñe'ẽnguéra aty ha'e umi aty oñemohendaháicha ñe'ẽnguéra ojoguáva oguerekógui ñe'ẽ ijypykue peteĩ, hérava proto-ñe'ẽ.",,,OSCAR-2019
"Ko'ápe rombyaty umi ñe'enga orekóva mokõi ñe'ẽjoapy, ojoapýva ojuehe upe ñe'ẽ ""he'i"" rupi. Ko'ã ñe'enga ndoguerekói ñe'ẽmondo, ko'ãva oje'e pukami haĝuánte, ha'ekuévo ñe'ẽ ñembosaráinte voi.",,,OSCAR-2019
"Ñane mandu'a va'era ko'ã ñe'ẽnga ojejapóvaha ha oñemombe'úvaha táva arandukuaa rupi, ha upe haguére, jareko ijapytépe heta ñe'ẽ karaiñe'ẽ rehegua. Opakuévo ñe'ẽngaty ñavo oĩ ko'ãva, ojehaíva ñe'ẽ joparápe. Ore roiporavo kuri umi roimo'ãva iporãveha guarani ñe'ẽme, ha rohejarei umi itie'ỹetereíva.",,,OSCAR-2019
"Marfil Rembe'y ha'e upe tetã 53ha orekovéva tekovekuéra ipype ha tetã 68ha ijyvy apekue tuichakuére, tapichakuéra retakue oiko ko tetãme ohupyty amo 23 sua ha ijyvy apekue ha'e 322 463 km².[1] Itavusu ha'e táva Iamusúkoro ha ko tetã rekuái oimehápe ha'e táva Ambijã.",,,OSCAR-2019
"Terere: ha'e pe ñane retãme oñemboy'uvéva. Ojejapo y ro'ysã rehe, oñemoĩ ipype pohã ro'ysã josopyre. Ikatu guampa-pe, oñemoĩ ka'a ha ojeítykua y ro'ysã oguerekóva pohã rykue.
Té: péva ha'e peteĩ ygua ojapopyréva pohã poty, ra'ỹi, hapo térã hakãgui. Ko'ã pohãoñemoĩ peteĩ mba'yrúpe y rehe, oñembopupu, ojey'u haku rehe, térã ho'ysambyre. Ikatu oñemokamby ha oñemohe'ẽ.
Baño de asiento: ojejapo pohã rykue tuicha porã, ikatu oñembopupu térã y ro'ysãmente, oñemoĩ peteĩ ña'ẽme ojeguapy hag̃ua ipype pa aravo'i, hyeguasúva ndojapóiva'erã.",,,OSCAR-2019
"Montevideo ha'ehína táva guasu Uruguái, oĩ ñembýpe tetã retãme. Ko távape oiko 1.325.968 ava (2004 ary).",,,OSCAR-2019
"Rrumáñañe'ẽ (limba română) ha'e peteĩ Indoeuropa ñe'ẽ oĩva Vaykã-Rrumáña ñe'ẽnguéra atýpe, Rróma ñe'ẽnguéra atýgui. Umíva imbytépe, ko ñe'ẽ ha'e upéva oñe'ẽvéva 5ha Európape, karaiñe'ẽ, Poytugañe'ẽ, Hyãsiañe'ẽ ha Italiañe'ẽ rire.
Amo 28 sua tekovekuéra oñe'ẽ Rrumáñañe'ẽ, umívagui amo 20 sua oiko Rrumáña retãme. Ko ñe'ẽ ha'e tetã Rrumáña ha Moyndávia iñe'ẽ tee.[1]",,,OSCAR-2019
"Vientiã (Hyãsiañe'ẽ pegua: Vientiane; Láo ñe'ẽme: ວຽງຈັນ) ha'e hína Láo retã itavusu, ha itáva orekovéva tapichakuéra ipype.",,,OSCAR-2019
Ára (karaiñe'ẽ: Tiempo) ko árape. Ko’ága. Mba'erekokuaape ha'e peteĩ ta'ã oha'ã tembihasa teko are rehegua. Peteĩ aravopapaha ha peteĩ arapapaha oha'ã ára.,,,OSCAR-2019
"Tupã ñe'ẽngue ryru, herava avei Tupã ñe'ẽngue ha Tupã Ñe'ẽ (Karaiñe'ẽ:Biblia) ha'e aranduka ryru marangatu Hesu rapegua. Tupã ñe'ẽngue ojehaíva'ekue evereoñe'ẽme, arameoñe'ẽme ha gyresiañe'ẽme ha oguerekóva 66 arandukakuéra. Ha'e opa'ũndyva mokõi pehengue: Ñe'ẽme'ẽ Tuja ha Ñe'ẽme'ẽ Pyahu.",,,OSCAR-2019
"Ñe'ẽ ojepuru jey ñe'ẽ porã rembipurúrõ sa ro'y XIX pe, peteĩ ñe'ẽ mbyky Minsk ñe'ẽicha. Upérõ ha sa ro'y XX ñepyrúrõ ojepuru ojehai hagua latinañe'ẽ achegety ha siríliko. Soviétiko ñemongu'e omoporã ha omoñe'ẽpavẽ ; rrusiañe'ẽ ñe'ẽ itenonde ramo jepe, oñeñe'ẽ mokõi ñe'ẽ.",,,OSCAR-2019
